<?xml version="1.0" encoding="iso-8859-1"?>
<font>
<voice>v_sans</voice>
<color>ffffff</color>
<linespacing>33</linespacing> <!-- 16.5 -->
<spritesheet>
    <sprite name="!">
        <rect x="60" y="96" w="4" h="20"/>
    </sprite>
    <sprite name="#">
        <rect x="314" y="222" w="18" h="20"/>
    </sprite>
    <sprite name="$">
        <rect x="184" y="218" w="16" h="28"/>
    </sprite>
    <sprite name="%">
        <rect x="88" y="222" w="22" h="20"/>
    </sprite>
    <sprite name="'">
        <rect x="110" y="96" w="4" h="20"/>
    </sprite>
    <sprite name="(">
        <rect x="396" y="130" w="8" h="28"/>
    </sprite>
    <sprite name=")">
        <rect x="360" y="130" w="8" h="28"/>
    </sprite>
    <sprite name="+">
        <rect x="326" y="140" w="12" h="12"/>
    </sprite>
    <sprite name=",">
        <rect x="52" y="92" w="4" h="6"/>
    </sprite>
    <sprite name="-">
        <rect x="466" y="140" w="10" h="12"/>
    </sprite>
    <sprite name="0">
        <rect x="244" y="138" w="12" h="20"/>
    </sprite>
    <sprite name="1">
        <rect x="52" y="138" w="12" h="20"/>
    </sprite>
    <sprite name="2">
        <rect x="292" y="180" w="14" h="20"/>
    </sprite>
    <sprite name="3">
        <rect x="68" y="138" w="12" h="20"/>
    </sprite>
    <sprite name="4">
        <rect x="220" y="180" w="14" h="20"/>
    </sprite>
    <sprite name="5">
        <rect x="164" y="138" w="12" h="20"/>
    </sprite>
    <sprite name="6">
        <rect x="84" y="138" w="12" h="20"/>
    </sprite>
    <sprite name="7">
        <rect x="238" y="180" w="14" h="20"/>
    </sprite>
    <sprite name="8">
        <rect x="36" y="138" w="12" h="20"/>
    </sprite>
    <sprite name="9">
        <rect x="292" y="138" w="12" h="20"/>
    </sprite>
    <sprite name=";">
        <rect x="4" y="88" w="6" h="22"/>
    </sprite>
    <sprite name="=">
        <rect x="436" y="140" w="10" h="12"/>
    </sprite>
    <sprite name="@">
        <rect x="60" y="220" w="24" h="22"/>
    </sprite>
    <sprite name="A">
        <rect x="64" y="180" w="16" h="20"/>
    </sprite>
    <sprite name="B">
        <rect x="202" y="180" w="14" h="20"/>
    </sprite>
    <sprite name="C">
        <rect x="474" y="222" w="16" h="20"/>
    </sprite>
    <sprite name="D">
        <rect x="310" y="180" w="14" h="20"/>
    </sprite>
    <sprite name="E">
        <rect x="166" y="180" w="14" h="20"/>
    </sprite>
    <sprite name="F">
        <rect x="212" y="138" w="12" h="20"/>
    </sprite>
    <sprite name="G">
        <rect x="292" y="222" w="18" h="20"/>
    </sprite>
    <sprite name="H">
        <rect x="434" y="222" w="16" h="20"/>
    </sprite>
    <sprite name="I">
        <rect x="276" y="138" w="12" h="20"/>
    </sprite>
    <sprite name="J">
        <rect x="354" y="220" w="16" h="22"/>
    </sprite>
    <sprite name="K">
        <rect x="256" y="180" w="14" h="20"/>
    </sprite>
    <sprite name="L">
        <rect x="450" y="180" w="12" h="20"/>
    </sprite>
    <sprite name="M">
        <rect x="160" y="222" w="20" h="20"/>
    </sprite>
    <sprite name="N">
        <rect x="248" y="222" w="18" h="20"/>
    </sprite>
    <sprite name="O">
        <rect x="136" y="222" w="20" h="20"/>
    </sprite>
    <sprite name="P">
        <rect x="408" y="138" w="10" h="20"/>
    </sprite>
    <sprite name="Q">
        <rect x="4" y="216" w="22" h="26"/>
    <border x="0" y="4" z="0" w="0"/>
</sprite>
    <sprite name="R">
        <rect x="434" y="190" w="12" h="20"/>
    </sprite>
    <sprite name="S">
        <rect x="454" y="222" w="16" h="20"/>
    </sprite>
    <sprite name="T">
        <rect x="4" y="180" w="16" h="20"/>
    </sprite>
    <sprite name="U">
        <rect x="374" y="222" w="16" h="20"/>
    </sprite>
    <sprite name="V">
        <rect x="270" y="222" w="18" h="20"/>
    </sprite>
    <sprite name="W">
        <rect x="30" y="222" w="26" h="20"/>
    </sprite>
    <sprite name="X">
        <rect x="226" y="222" w="18" h="20"/>
    </sprite>
    <sprite name="Y">
        <rect x="414" y="222" w="16" h="20"/>
    </sprite>
    <sprite name="Z">
        <rect x="394" y="222" w="16" h="20"/>
    </sprite>
    <sprite name="[">
        <rect x="372" y="130" w="8" h="28"/>
    </sprite>
    <sprite name="]">
        <rect x="384" y="130" w="8" h="28"/>
    </sprite>
    <sprite name="^">
        <rect x="28" y="88" w="12" h="30"/>
    </sprite>
    <sprite name="_">
        <rect x="114" y="218" w="18" h="2"/>
    </sprite>
    <sprite name="`">
        <rect x="100" y="98" w="6" h="20"/>
    </sprite>
    <sprite name="a">
        <rect x="132" y="138" w="12" h="14"/>
    </sprite>
    <sprite name="ampersand">
        <rect x="204" y="222" w="18" h="20"/>
    </sprite>
    <sprite name="asterisk">
        <rect x="450" y="140" w="12" h="18"/>
    </sprite>
    <sprite name="b">
        <rect x="180" y="132" w="12" h="20"/>
    </sprite>
    <sprite name="backslash">
        <rect x="360" y="178" w="12" h="22"/>
    </sprite>
    <sprite name="c">
        <rect x="148" y="138" w="12" h="14"/>
    </sprite>
    <sprite name="colon">
        <rect x="92" y="98" w="4" h="12"/>
    </sprite>
    <sprite name="d">
        <rect x="247" y="180" w="14" h="20"/>
    </sprite>
    <sprite name="dot">
        <rect x="84" y="96" w="4" h="4"/>
    </sprite>
    <sprite name="doublequote">
        <rect x="14" y="88" w="10" h="28"/>
    </sprite>
    <sprite name="e">
        <rect x="100" y="138" w="12" h="14"/>
    </sprite>
    <sprite name="f">
        <rect x="328" y="178" w="12" h="22"/>
    </sprite>
    <sprite name="g">
        <rect x="84" y="172" w="12" h="22"/>
    <border x="0" y="8" z="0" w="0"/>
</sprite>
    <sprite name="h">
        <rect x="196" y="138" w="12" h="20"/>
    </sprite>
    <sprite name="i">
        <rect x="76" y="96" w="4" h="20"/>
    </sprite>
    <sprite name="j">
        <rect x="390" y="172" w="10" h="28"/>
    <border x="0" y="8" z="0" w="0"/>
</sprite>
    <sprite name="k">
        <rect x="196" y="138" w="12" h="20"/>
    </sprite>
    <sprite name="l">
        <rect x="68" y="96" w="4" h="20"/>
    </sprite>
    <sprite name="lt">
        <rect x="480" y="120" w="8" h="12"/>
    </sprite>
    <sprite name="m">
        <rect x="24" y="180" w="16" h="14"/>
    </sprite>
    <sprite name="n">
        <rect x="466" y="180" w="12" h="14"/>
    </sprite>
    <sprite name="o">
        <rect x="116" y="138" w="12" h="14"/>
    </sprite>
    <sprite name="p">
        <rect x="132" y="172" w="12" h="22"/>
    <border x="0" y="8" z="0" w="0"/>
</sprite>
    <sprite name="pipe">
        <rect x="44" y="88" w="4" h="28"/>
    </sprite>
    <sprite name="q">
        <rect x="116" y="172" w="12" h="22"/>
    <border x="0" y="8" z="0" w="0"/>
</sprite>
    <sprite name="questionmark">
        <rect x="148" y="180" w="14" h="20"/>
    </sprite>
    <sprite name="r">
        <rect x="418" y="180" w="12" h="14"/>
    </sprite>
    <sprite name="rt">
        <rect x="492" y="140" w="8" h="12"/>
    </sprite>
    <sprite name="s">
        <rect x="422" y="138" w="10" h="14"/>
    </sprite>
    <sprite name="slash">
        <rect x="344" y="178" w="12" h="22"/>
    </sprite>
    <sprite name="space">
        <rect x="100" y="172" w="12" h="22"/>
    </sprite>
    <sprite name="t">
        <rect x="20" y="138" w="12" h="18"/>
    </sprite>
    <sprite name="u">
        <rect x="482" y="180" w="12" h="14"/>
    </sprite>
    <sprite name="v">
        <rect x="228" y="138" w="12" h="14"/>
    </sprite>
    <sprite name="w">
        <rect x="44" y="180" w="16" h="14"/>
    </sprite>
    <sprite name="x">
        <rect x="184" y="180" w="14" h="14"/>
    </sprite>
    <sprite name="y">
        <rect x="336" y="214" w="14" h="22"/>
    <border x="0" y="8" z="0" w="0"/>
</sprite>
    <sprite name="z">
        <rect x="4" y="138" w="12" h="14"/>
    </sprite>
    <sprite name="{">
        <rect x="376" y="172" w="10" h="28"/>
    </sprite>
    <sprite name="}">
        <rect x="404" y="172" w="10" h="28"/>
    </sprite>
    <sprite name="~">
        <rect x="342" y="130" w="14" h="28"/>
    </sprite>
</spritesheet>
</font>