<?xml version="1.0" encoding="UTF-8"?>
<font>
<charspacing>0</charspacing>
<spritesheet>
    <sprite name="space">
        <rect x="412" y="4" w="8" h="18"/>
    </sprite>
    
    <!-- Capital Letters -->
    
    <sprite name="A">
        <rect x="0" y="4" w="16" h="18"/>
    </sprite>
    <sprite name="B">
        <rect x="16" y="4" w="16" h="18"/>
    </sprite>
    <sprite name="C">
        <rect x="32" y="4" w="16" h="18"/>
    </sprite>
    <sprite name="D">
        <rect x="48" y="4" w="16" h="18"/>
    </sprite>
    <sprite name="E">
        <rect x="64" y="4" w="16" h="18"/>
    </sprite>
    <sprite name="F">
        <rect x="80" y="4" w="16" h="18"/>
    </sprite>
    <sprite name="G">
        <rect x="96" y="4" w="16" h="18"/>
    </sprite>
    <sprite name="H">
        <rect x="112" y="4" w="16" h="18"/>
    </sprite>
    <sprite name="I">
        <rect x="128" y="4" w="8" h="18"/>
    </sprite>
    <sprite name="J">
        <rect x="136" y="4" w="16" h="18"/>
    </sprite>
    <sprite name="K">
        <rect x="152" y="4" w="16" h="18"/>
    </sprite>
    <sprite name="L">
        <rect x="168" y="4" w="16" h="18"/>
    </sprite>
    <sprite name="M">
        <rect x="184" y="4" w="18" h="18"/>
    </sprite>
    <sprite name="N">
        <rect x="202" y="4" w="16" h="18"/>
    </sprite>
    <sprite name="O">
        <rect x="218" y="4" w="16" h="18"/>
    </sprite>
    <sprite name="P">
        <rect x="234" y="4" w="16" h="18"/>
    </sprite>
    <sprite name="Q">
        <rect x="250" y="4" w="16" h="18"/>
    </sprite>
    <sprite name="R">
        <rect x="266" y="4" w="16" h="18"/>
    </sprite>
    <sprite name="S">
        <rect x="282" y="4" w="16" h="18"/>
    </sprite>
    <sprite name="T">
        <rect x="298" y="4" w="16" h="18"/>
    </sprite>
    <sprite name="U">
        <rect x="314" y="4" w="16" h="18"/>
    </sprite>
    <sprite name="V">
        <rect x="330" y="4" w="16" h="18"/>
    </sprite>
    <sprite name="W">
        <rect x="346" y="4" w="18" h="18"/>
    </sprite>
    <sprite name="X">
        <rect x="364" y="4" w="16" h="18"/>
    </sprite>
    <sprite name="Y">
        <rect x="380" y="4" w="16" h="18"/>
    </sprite>
    <sprite name="Z">
        <rect x="396" y="4" w="16" h="18"/>
    </sprite>
    
    <!-- Lowercase Letters -->
    
    <sprite name="a">
        <rect x="420" y="4" w="16" h="14"/>
    </sprite>
    <sprite name="b">
        <rect x="436" y="4" w="16" h="18"/>
    </sprite>
    <sprite name="c">
        <rect x="452" y="4" w="16" h="14"/>
    </sprite>
    <sprite name="d">
        <rect x="468" y="4" w="16" h="18"/>
    </sprite>
    <sprite name="e">
        <rect x="484" y="4" w="16" h="14"/>
    </sprite>
    <sprite name="f">
        <rect x="500" y="4" w="14" h="18"/>
    </sprite>
    <sprite name="g">
        <rect x="514" y="0" w="16" h="18"/>
        <border x="0" y="4" z="0" w="0"/>
    </sprite>
    <sprite name="h">
        <rect x="530" y="4" w="16" h="18"/>
    </sprite>
    <sprite name="i">
        <rect x="546" y="4" w="8" h="18"/>
    </sprite>
    <sprite name="j">
        <rect x="554" y="0" w="16" h="22"/>
        <border x="0" y="4" z="0" w="0"/>
    </sprite>
    <sprite name="k">
        <rect x="570" y="4" w="16" h="18"/>
    </sprite>
    <sprite name="l">
        <rect x="586" y="4" w="8" h="18"/>
    </sprite>
    <sprite name="m">
        <rect x="596" y="4" w="18" h="14"/>
    </sprite>
    <sprite name="n">
        <rect x="614" y="4" w="16" h="14"/>
    </sprite>
    <sprite name="o">
        <rect x="630" y="4" w="16" h="14"/>
    </sprite>
    <sprite name="p">
        <rect x="646" y="0" w="16" h="18"/>
        <border x="0" y="4" z="0" w="0"/>
    </sprite>
    <sprite name="q">
        <rect x="662" y="0" w="16" h="18"/>
        <border x="0" y="4" z="0" w="0"/>
    </sprite>
    <sprite name="r">
        <rect x="678" y="4" w="16" h="14"/>
    </sprite>
    <sprite name="s">
        <rect x="694" y="4" w="16" h="14"/>
    </sprite>
    <sprite name="t">
        <rect x="710" y="4" w="14" h="16"/>
    </sprite>
    <sprite name="u">
        <rect x="724" y="4" w="16" h="14"/>
    </sprite>
    <sprite name="v">
        <rect x="740" y="4" w="16" h="14"/>
    </sprite>
    <sprite name="w">
        <rect x="756" y="4" w="18" h="14"/>
    </sprite>
    <sprite name="x">
        <rect x="774" y="4" w="16" h="14"/>
    </sprite>
    <sprite name="y">
        <rect x="790" y="0" w="16" h="18"/>
        <border x="0" y="4" z="0" w="0"/>
    </sprite>
    <sprite name="z">
        <rect x="806" y="4" w="16" h="14"/>
    </sprite>
    
    <!-- Number row -->
    
    <sprite name="`">
        <rect x="830" y="4" w="10" h="18"/>
    </sprite>
    <sprite name="1">
        <rect x="840" y="4" w="12" h="18"/>
    </sprite>
    <sprite name="2">
        <rect x="852" y="4" w="16" h="18"/>
    </sprite>
    <sprite name="3">
        <rect x="868" y="4" w="16" h="18"/>
    </sprite>
    <sprite name="4">
        <rect x="884" y="4" w="16" h="18"/>
    </sprite>
    <sprite name="5">
        <rect x="900" y="4" w="16" h="18"/>
    </sprite>
    <sprite name="6">
        <rect x="916" y="4" w="16" h="18"/>
    </sprite>
    <sprite name="7">
        <rect x="932" y="4" w="16" h="18"/>
    </sprite>
    <sprite name="8">
        <rect x="948" y="4" w="16" h="18"/>
    </sprite>
    <sprite name="9">
        <rect x="964" y="4" w="16" h="18"/>
    </sprite>
    <sprite name="0">
        <rect x="980" y="4" w="16" h="18"/>
    </sprite>
    <sprite name="-">
        <rect x="996" y="4" w="12" h="10"/>
    </sprite>
    <sprite name="=">
        <rect x="1008" y="4" w="12" h="12"/>
    </sprite>
    <sprite name="~">
        <rect x="1020" y="4" w="18" h="18"/>
    </sprite>
    <sprite name="!">
        <rect x="1038" y="4" w="8" h="18"/>
    </sprite>
    <sprite name="@">
        <rect x="1046" y="4" w="18" h="18"/>
    </sprite>
    <sprite name="#">
        <rect x="1064" y="4" w="18" h="18"/>
    </sprite>
    <sprite name="$">
        <rect x="1082" y="0" w="18" h="26"/>
        <border x="0" y="4" z="0" w="0"/>
    </sprite>
    <sprite name="%">
        <rect x="1100" y="4" w="24" h="18"/>
    </sprite>
    <sprite name="^">
        <rect x="1124" y="4" w="16" h="18"/>
    </sprite>
    <sprite name="ampersand"> <!-- & -->
        <rect x="1140" y="4" w="16" h="18"/>
    </sprite>
    <sprite name="asterisk"> <!-- * -->
        <rect x="1156" y="4" w="14" h="18"/>
    </sprite>
    <sprite name="(">
        <rect x="1170" y="4" w="12" h="18"/>
    </sprite>
    <sprite name=")">
        <rect x="1182" y="4" w="12" h="18"/>
    </sprite>
    <sprite name="_">
        <rect x="1194" y="0" w="14" h="2"/>
        <border x="0" y="4" z="0" w="0"/>
    </sprite>
    <sprite name="+">
        <rect x="1208" y="4" w="14" h="14"/>
    </sprite>
    
    <!-- Other symbols -->
    
    <sprite name="[">
        <rect x="1222" y="4" w="12" h="18"/>
    </sprite>
    <sprite name="]">
        <rect x="1234" y="4" w="12" h="18"/>
    </sprite>
    <sprite name="{">
        <rect x="1246" y="4" w="14" h="18"/>
    </sprite>
    <sprite name="}">
        <rect x="1260" y="4" w="14" h="18"/>
    </sprite>
    <sprite name=";">
        <rect x="1274" y="0" w="10" h="18"/>
        <border x="0" y="4" z="0" w="0"/>
    </sprite>
    <sprite name="'">
        <rect x="1284" y="4" w="8" h="18"/>
    </sprite>
    <sprite name="colon"> <!-- : -->
        <rect x="1292" y="4" w="8" h="14"/>
    </sprite>
    <sprite name="doublequote"> <!-- " -->
        <rect x="1300" y="4" w="14" h="18"/>
    </sprite>
    <sprite name="pipe"> <!-- | -->
        <rect x="1314" y="4" w="8" h="18"/>
    </sprite>
    <sprite name=",">
        <rect x="1322" y="0" w="10" h="6"/>
        <border x="0" y="4" z="0" w="0"/>
    </sprite>
    <sprite name="dot"> <!-- . -->
        <rect x="1332" y="4" w="8" h="2"/>
    </sprite>
    <sprite name="lt"> <!-- < -->
        <rect x="1340" y="4" w="12" h="14"/>
    </sprite>
    <sprite name="rt"> <!-- > -->
        <rect x="1352" y="4" w="12" h="14"/>
    </sprite>
    <sprite name="questionmark"> <!-- ? -->
        <rect x="1364" y="4" w="16" h="18"/>
    </sprite>
    
    <!-- Special -->
    <sprite name="꞉">
        <rect x="1380" y="4" w="9" h="17"/>
    </sprite>
</spritesheet>
</font>