<?xml version="1.0" encoding="iso-8859-1"?>
<font>
<charspacing>2</charspacing>
<spritesheet>
    <sprite name="0">
        <rect x="0" y="0" w="20" h="20"/>
    </sprite>
    <sprite name="1">
        <rect x="20" y="0" w="16" h="20"/>
    </sprite>
    <sprite name="2">
        <rect x="36" y="0" w="20" h="20"/>
    </sprite>
    <sprite name="3">
        <rect x="56" y="0" w="20" h="20"/>
    </sprite>
    <sprite name="4">
        <rect x="76" y="0" w="20" h="20"/>
    </sprite>
    <sprite name="5">
        <rect x="96" y="0" w="20" h="20"/>
    </sprite>
    <sprite name="6">
        <rect x="116" y="0" w="20" h="20"/>
    </sprite>
    <sprite name="7">
        <rect x="136" y="0" w="20" h="20"/>
    </sprite>
    <sprite name="8">
        <rect x="156" y="0" w="20" h="20"/>
    </sprite>
    <sprite name="9">
        <rect x="176" y="0" w="20" h="20"/>
    </sprite>
    <sprite name="M">
        <rect x="196" y="0" w="66" h="20"/>
    </sprite>
    <sprite name="I">
        <rect x="0" y="0" w="0" h="20"/>
    </sprite>
    <sprite name="S">
        <rect x="0" y="0" w="0" h="20"/>
    </sprite>
    <sprite name="space">
        <rect x="0" y="0" w="0" h="20"/>
    </sprite>
</spritesheet>
</font>